Full Name,User Action,Timestamp
Gregory Spahlinger,Joined,"11/4/2020, 9:50:12 AM"
Kray Thorn,Joined before,"11/4/2020, 9:50:12 AM"
Kray Thorn,Left,"11/4/2020, 10:06:45 AM"
James Collins,Joined before,"11/4/2020, 9:50:12 AM"
Mike News,Joined before,"11/4/2020, 9:50:12 AM"
Manuel Dos,Joined before,"11/4/2020, 9:50:12 AM"
Manuel Dos,Left,"11/4/2020, 10:07:10 AM"
Carry Ram,Joined,"11/4/2020, 9:50:30 AM"
Carry Ram,Left,"11/4/2020, 10:06:47 AM"
Ann Sanwich,Joined,"11/4/2020, 9:50:48 AM"
Don Joey,Joined,"11/4/2020, 9:50:51 AM"
Saran Rome,Joined,"11/4/2020, 9:50:51 AM"
Mo Husser,Joined,"11/4/2020, 9:50:55 AM"
Alex Mavis,Joined,"11/4/2020, 9:50:55 AM"
Jon Chires,Joined,"11/4/2020, 9:51:05 AM"
Jon Chires,Left,"11/4/2020, 10:06:49 AM"
Ron Jon,Joined,"11/4/2020, 9:51:35 AM"
Ron Jon,Left,"11/4/2020, 10:06:50 AM"
Perry Stutter,Joined,"11/4/2020, 9:51:52 AM"
Jay Search,Joined,"11/4/2020, 9:51:55 AM"
Jay Search,Left,"11/4/2020, 10:07:08 AM"
James Gilmore,Joined,"11/4/2020, 9:51:58 AM"
Mia Davies,Joined,"11/4/2020, 9:51:59 AM"
Ken Brooker,Joined,"11/4/2020, 9:52:03 AM"
Ken Brooker,Left,"11/4/2020, 10:07:17 AM"
Shaun Island,Joined,"11/4/2020, 9:52:16 AM"
Shaun Island,Left,"11/4/2020, 10:07:11 AM"
Isaac Newton,Joined,"11/4/2020, 9:52:17 AM"
Isaac Newton,Left,"11/4/2020, 10:06:51 AM"
Kyree Bronze,Joined,"11/4/2020, 9:52:22 AM"
Levy Tracher,Joined,"11/4/2020, 9:52:50 AM"
Levy Tracher,Left,"11/4/2020, 10:06:51 AM"
George Single,Joined,"11/4/2020, 9:53:38 AM"
George Single,Left,"11/4/2020, 10:06:59 AM"
Joe Jarami,Joined,"11/4/2020, 9:53:46 AM"
Joe Jarami,Left,"11/4/2020, 10:07:01 AM"
George Martha,Joined,"11/4/2020, 9:53:55 AM"
George Martha,Left,"11/4/2020, 10:07:16 AM"
Mars Tayling,Joined,"11/4/2020, 9:54:56 AM"
Mars Tayling,Left,"11/4/2020, 10:06:57 AM"
Walt Addams,Joined,"11/4/2020, 9:55:22 AM"
Ivan The Terrible,Joined,"11/4/2020, 9:55:42 AM"
Vanessa Barber,Joined,"11/4/2020, 9:55:46 AM"
Candy Rome,Joined,"11/4/2020, 9:56:26 AM"
Candy Rome,Left,"11/4/2020, 10:06:55 AM"
Tower Thorn,Joined,"11/4/2020, 9:56:30 AM"
Tower Thorn,Left,"11/4/2020, 10:06:57 AM"
Jeb Bush,Joined,"11/4/2020, 9:57:17 AM"
Jeb Bush,Left,"11/4/2020, 10:06:58 AM"
Jerry Cantrell,Joined,"11/4/2020, 9:57:59 AM"
Ronald Reagan,Joined,"11/4/2020, 9:58:07 AM"
Muhammad Ali Davis,Joined,"11/4/2020, 10:00:11 AM"
Muhammad Ali Davis,Left,"11/4/2020, 10:06:53 AM"
Kestings Lewis,Joined,"11/4/2020, 10:01:32 AM"
Song Howard,Joined,"11/4/2020, 10:02:25 AM"
Song Howard,Left,"11/4/2020, 10:07:13 AM"
John Carmack,Joined,"11/4/2020, 10:06:23 AM"
